lower95,exp,upper95,HR,p,p1,p2,cindex
0.434,0.88,1.79,0.88 (0.43-1.79),0.723,0.723, ,0.653462617
1.16,2.14,3.95,2.14 (1.16-3.95),0.0154,0.0154*,*,0.653462617
0.534,1.55,4.48,1.55 (0.53-4.48),0.422,0.422, ,0.653462617
2.72,4.24,6.61,4.24 (2.72-6.61),1.96E-10,<0.001***,***,0.653462617
