lower95,exp,upper95,HR,p,p1,p2,cindex
0.282,0.593,1.25,0.59 (0.28-1.25),0.169,0.169, ,0.660954173
1.11,2.24,4.51,2.24 (1.11-4.51),0.0245,0.0245*,*,0.660954173
1.61,3.28,6.67,3.28 (1.61-6.67),0.00102,0.00102**,**,0.660954173
2.6,4.41,7.49,4.41 (2.60-7.49),4.10E-08,<0.001***,***,0.660954173
